attendu \ prédit,r_depict,r_has_causatif,r_has_property-1,r_holo,r_lieu,r_lieu>origine,r_objet>matiere,r_own-1,r_processus>instr-1,r_processus_agent,r_processus_patient,r_product_of,r_quantificateur,r_social_tie,r_topic
r_depict,18,0,0,2,0,0,0,2,2,1,4,0,0,1,0
r_has_causatif,3,22,0,0,0,0,0,0,0,0,2,0,3,0,0
r_has_property-1,0,0,29,0,0,0,0,0,0,0,0,0,0,1,0
r_holo,7,0,0,19,0,0,0,0,0,0,0,0,1,0,3
r_lieu,2,0,0,0,26,1,0,1,0,0,0,0,0,0,0
r_lieu>origine,0,0,0,0,0,28,0,1,0,0,0,0,0,1,0
r_objet>matiere,1,0,0,2,0,0,23,0,0,0,1,1,2,0,0
r_own-1,1,0,0,0,0,0,0,24,0,0,0,3,0,2,0
r_processus>instr-1,0,0,0,2,0,0,0,0,25,0,0,0,1,0,2
r_processus_agent,0,4,0,0,0,0,0,0,0,20,3,0,1,1,1
r_processus_patient,0,0,0,0,0,0,0,0,0,3,27,0,0,0,0
r_product_of,4,0,0,1,0,2,0,6,0,2,0,14,0,0,1
r_quantificateur,0,0,0,1,0,0,0,1,0,1,0,1,25,0,1
r_social_tie,0,0,0,0,0,0,0,1,0,0,0,0,0,29,0
r_topic,1,0,0,0,0,0,0,1,4,0,1,0,1,1,21
